phase_h_schema_version,sweep_id,timestamp_utc,status,failure_reason,trial_index,warmup,row_retries,max_attempts,attempts_used,baseline,benchmark_label,gamma,G,cf1_max_tokens,quant_group_size,kv_kernel_backend,batch_size,model_name,gpu_torch_name,device_type,dtype,torch_version,modal_resource_tag,prompt_id,prompt_len_tokens,context_bucket,max_new_tokens,decode_heavy_ratio,prefill_time_s,decode_phase_time_s,e2e_timed_s,total_runtime_wall_s,draft_latency_total_s,verify_latency_total_s,quant_resync_time_s_total,tokens_per_sec_e2e_timed,tokens_per_sec_decode_phase,tokens_per_sec_wall,acceptance_rate,total_rounds,logical_verifier_kv_bytes,logical_quant_store_bytes,logical_bytes_per_output_token,gpu_peak_memory_bytes_after_run,gpu_peak_memory_bytes_before_run,comparison_mode,context_length_target_tokens,cache_mutation_time_s_total,estimated_kv_traffic_bytes_per_output_token,estimated_hist_kv_read_proxy_bytes,effective_kv_kernel_backend,fused_path_active,quant_attention_patch_applied,cuda_graphs_enabled,timing_sync,implied_bandwidth_gbps_decode_proxy,kernel_tuning_profile,kernel_tuning_config_json,runtime_perf_flags_json,speedup_definition_note,notes
5,phase_n_llama_longctx_weaker_ar_v1,2026-04-19T17:02:34.826820+00:00,ok,,0,False,1,2,1,ar,ar,,,,,,1,openlm-research/open_llama_7b_v2,NVIDIA A10,cuda,float16,2.6.0+cu126,,mt-001,1924,short,32,0.0164,1.277275,1.330552,2.607827,2.624303,0.000000,0.000000,0.000000,12.270751065304717,24.050169230216852,12.193713484372154,,,1024983040,,524019.9591002045,14690299904,13476832256,hf_ar,1920,0.000000,524019.9591002045,1025507328,,false,false,false,cuda_synchronize_end,0.012602768696371232,a10g_balanced,"{""draft_block_d"": 64, ""draft_num_warps"": 4, ""notes"": ""Preset for NVIDIA A10-class; adjust after profiling."", ""profile_id"": ""a10g_balanced"", ""qk_hist_block_d"": 128, ""qk_hist_num_warps"": 4, ""verifier_block_d"": 64, ""verifier_num_warps"": 8}","{""cuda_graphs_enabled"": false, ""reduce_python_dispatch"": false, ""static_workspace_enabled"": false}","hf_ar uses SDPA; hf_ar_eager uses eager attention; hierarchical_fused uses quant + Triton (fused verify when mask-compatible).
Decode tok/s excludes prefill. Compare logical_quant_store_bytes vs FP16 KV proxy for memory story.
","Long-context smoke on Modal; weaker AR baseline is ar_eager.
"
5,phase_n_llama_longctx_weaker_ar_v1,2026-04-19T17:02:40.082628+00:00,ok,,0,False,1,2,1,ar_eager,ar_eager,,,,,,1,openlm-research/open_llama_7b_v2,NVIDIA A10,cuda,float16,2.6.0+cu126,,mt-001,1924,short,32,0.0164,0.834372,1.273658,2.108030,2.119662,0.000000,0.000000,0.000000,15.180049951036025,25.124492468666165,15.096749669182861,,,1024983040,,524019.9591002045,15518540288,13485351936,hf_ar_eager,1920,0.000000,524019.9591002045,1025507328,,false,false,false,cuda_synchronize_end,0.01316573551584384,a10g_balanced,"{""draft_block_d"": 64, ""draft_num_warps"": 4, ""notes"": ""Preset for NVIDIA A10-class; adjust after profiling."", ""profile_id"": ""a10g_balanced"", ""qk_hist_block_d"": 128, ""qk_hist_num_warps"": 4, ""verifier_block_d"": 64, ""verifier_num_warps"": 8}","{""cuda_graphs_enabled"": false, ""reduce_python_dispatch"": false, ""static_workspace_enabled"": false}","hf_ar uses SDPA; hf_ar_eager uses eager attention; hierarchical_fused uses quant + Triton (fused verify when mask-compatible).
Decode tok/s excludes prefill. Compare logical_quant_store_bytes vs FP16 KV proxy for memory story.
","Long-context smoke on Modal; weaker AR baseline is ar_eager.
"
5,phase_n_llama_longctx_weaker_ar_v1,2026-04-19T17:02:43.929974+00:00,ok,,0,False,1,2,1,quant_spec,quant_spec_g4_G32_qgsdefault_kvtriton,4,32,64,,triton,1,openlm-research/open_llama_7b_v2,NVIDIA A10,cuda,float16,2.6.0+cu126,,mt-001,1924,short,32,0.0164,0.663924,16.220704,16.884628,36.674216,7.548109,7.092654,1.579941,1.895215000161646,1.972787390098957,0.8725476256972389,0.625,11,1025507328,1079689216,551988.3517382413,21084157952,13485351936,hierarchical_fused,1920,1.579941,551988.3517382413,358927565,triton,true,true,false,cuda_synchronize_end,0.00108895565979071,a10g_balanced,"{""draft_block_d"": 64, ""draft_num_warps"": 4, ""notes"": ""Preset for NVIDIA A10-class; adjust after profiling."", ""profile_id"": ""a10g_balanced"", ""qk_hist_block_d"": 128, ""qk_hist_num_warps"": 4, ""verifier_block_d"": 64, ""verifier_num_warps"": 8}","{""cuda_graphs_enabled"": false, ""reduce_python_dispatch"": false, ""static_workspace_enabled"": false}","hf_ar uses SDPA; hf_ar_eager uses eager attention; hierarchical_fused uses quant + Triton (fused verify when mask-compatible).
Decode tok/s excludes prefill. Compare logical_quant_store_bytes vs FP16 KV proxy for memory story.
","Long-context smoke on Modal; weaker AR baseline is ar_eager.
"
